﻿{
    "axes": [
        {
            "name": "1",
            "objectId": "c5bceb78-c05f-4558-90c1-9d2e92bb4d13-0009435a",
            "path": [
                {
                    "x": 0.0,
                    "y": 10000.0
                },
                {
                    "x": 4000.0,
                    "y": 1500.0
                },
                {
                    "x": 6000.0,
                    "y": 1500.0
                },
                {
                    "x": 10000.0,
                    "y": -7000.0
                }
            ]
        },
        {
            "name": "A",
            "objectId": "c5bceb78-c05f-4558-90c1-9d2e92bb4d13-00094376",
            "path": [
                {
                    "x": -10000.0,
                    "y": 0.0
                },
                {
                    "x": 14500.0,
                    "y": 0.0
                }
            ]
        }
    ],
    "levels": [
        {
            "name": "ПЛАН ПЕРВОГО ЭТАЖА",
            "objectId": "c38bee1d-42fe-4df4-9400-5b55c820e6ac-0002a1aa",
            "elevation": 0.0
        },
        {
            "name": "ПЛАН ВТОРОГО ЭТАЖА",
            "objectId": "826a5a81-1f2b-4126-80f3-2ea70ac12dab-0003bbfa",
            "elevation": 2000.0
        },
        {
            "name": "ПЛАН ВТОРОГО ЭТАЖА",
            "objectId": "826a5a81-1f2b-4126-80f3-2ea70ac12dab-0003bbfa",
            "elevation": -2000.0
        }
    ]
}