[
    {
        "_id": 0,
        "originalName": "Sphere1",
        "Name": "Sphere1"
    },
    {
        "_id": 1,
        "originalName": "Sphere2",
        "Name": "Sphere2"
    },
    {
        "_id": 2,
        "originalName": "Pyramid1",
        "Name": "Pyramid1"
    },
    {
        "_id": 3,
        "originalName": "Pyramid3",
        "Name": "Pyramid3"
    },
    {
        "_id": 4,
        "originalName": "Pyramid2",
        "Name": "Pyramid2"
    },
    {
        "_id": 5,
        "originalName": "Torus3",
        "Name": "Torus3"
    },
    {
        "_id": 6,
        "originalName": "Torus1",
        "Name": "Torus1"
    },
    {
        "_id": 7,
        "originalName": "Torus2",
        "Name": "Torus2"
    },
    {
        "_id": 8,
        "originalName": "Cube3",
        "Name": "Cube3"
    },
    {
        "_id": 9,
        "originalName": "Cube1",
        "Name": "Cube1"
    },
    {
        "_id": 10,
        "originalName": "Cube2",
        "Name": "Cube2"
    },
    {
        "_id": 11,
        "originalName": "RootNode",
        "Name": "RootNode",
        "children": [12, 13, 14, 15]
    },
    {
        "_id": 12,
        "originalName": "Spheres",
        "Name": "Spheres",
        "children": [0, 1]
    },
    {
        "_id": 13,
        "originalName": "Pyramids",
        "Name": "Pyramids",
        "children": [2, 3, 4]
    },
    {
        "_id": 14,
        "originalName": "Toruses",
        "Name": "Toruses",
        "children": [5, 6, 7]
    },
    {
        "_id": 15,
        "originalName": "Cubes",
        "Name": "Cubes",
        "children": [8, 9, 10]
    },
    {
        "_id": 16,
        "originalName": "TestNode",
        "Name": "TestNode",
        "value_uint": 100,
        "value_int": -100,
        "value_float": 3.141592653589793,
        "value_str": "str",
        "value_bool": true,
        "value_json": { "a": 1 },
        "value_arr_str": ["str1", "str2", "str3"],
        "value_arr_int32": [1, 65600, 2, 3],
        "value_arr_float": [1, 2, 3, 4.5],
        "value_arr_arr": [
            [3.141592653589793, 1.5707963267948966, 0.7853981633974483],
            ["str1", "str2", "str3"],
            [{ "a": 1 }, { "b": 2 }, { "c": 3 }]
        ]
    },
    {
        "_id": 17,
        "originalName": "TestDeepNodes",
        "Name": "TestDeepNodes",
        "children": [18]
    },
    {
        "_id": 18,
        "originalName": "DeeperNode",
        "Name": "DeeperNode",
        "children": [19]
    },
    {
        "_id": 19,
        "originalName": "MoreDeeperNode",
        "Name": "MoreDeeperNode",
        "children": [20, 21]
    },
    {
        "_id": 20,
        "originalName": "MoreDeeperNode",
        "Name": "MoreDeeperNode",
        "children": [22]
    },
    {
        "_id": 21,
        "originalName": "MoreDeeperNode",
        "Name": "MoreDeeperNode"
    },
    {
        "_id": 22,
        "originalName": "MoreDeeperNode",
        "Name": "MoreDeeperNode"
    },
    {
        "_id": 23,
        "originalName": "TestGroups 1",
        "Name": "TestGroups 1",
        "Group 1": {
            "value 1": 1,
            "value 2": "string",
            "value 3": {
                "child 1": 1,
                "child 2": 2,
                "child 3": 3
            }
        },
        "Group 2": {
            "value 1": 1,
            "value 2": "string",
            "value 3": {
                "child 1": 1,
                "child 2": 2,
                "child 3": 3
            }
        },
        "Group 3": {
            "value 1": 1,
            "value 2": "string",
            "value 3": {
                "child 1": 1,
                "child 2": 2,
                "child 3": 3
            }
        }
    },
    {
        "_id": 24,
        "originalName": "TestGroups 2",
        "Name": "TestGroups 2",
        "Group 1": {
            "value 1": 1,
            "value 2": "string",
            "value 3": {
                "child 1": 1,
                "child 2": 2,
                "child 3": 3
            }
        },
        "Group 2": {
            "value 1": 1,
            "value 2": "string",
            "value 3": {
                "child 1": 1,
                "child 2": 2,
                "child 3": 3
            }
        },
        "Group 3": {
            "value 1": 1,
            "value 2": "string",
            "value 3":  {
                "child 1": 1,
                "child 2": 2,
                "child 3": 3
            }
        }
    }
]